{"cameraMode":{"drawMode":0,"name":"Shaded","section":"Shading Mode"},"sceneLighting":false,"audioPlay":false,"sceneViewState":{"m_AlwaysRefresh":false,"showFog":true,"showSkybox":false,"showFlares":true,"showImageEffects":true,"showParticleSystems":true,"showVisualEffectGraphs":true,"m_FxEnabled":true},"in2DMode":false,"pivot":{"x":0.12093901634216309,"y":2.8265061378479006,"z":-0.7432765960693359},"rotation":{"x":-0.13389156758785249,"y":0.8174225687980652,"z":-0.21037882566452027,"w":-0.5194156169891357},"size":5.736548900604248,"orthographic":false}